{"cameraMode":{"drawMode":0,"name":"Shaded","section":"Shading Mode"},"sceneLighting":true,"audioPlay":false,"sceneViewState":{"m_AlwaysRefresh":false,"showFog":true,"showSkybox":true,"showFlares":true,"showImageEffects":true,"showParticleSystems":true,"showVisualEffectGraphs":true,"m_FxEnabled":true},"in2DMode":false,"pivot":{"x":-155.2407684326172,"y":5.260983467102051,"z":158.55145263671876},"rotation":{"x":0.02038518711924553,"y":-0.9245846271514893,"z":0.0499761588871479,"w":0.37713631987571719},"size":6.7158660888671879,"orthographic":false}